{"SgxMonitor": [[10, ["3.793", "263.652986", "263.687951"]]], "Vanilla": [[10, ["2.800", "357.193471", "357.291009"]]]}