{
    "SgxMonitor": [
        [
            10,
            [
                "3.972",
                "251.750497",
                "251.867599"
            ]
        ],
        [
            20,
            [
                "3.819",
                "261.830733",
                "261.991313"
            ]
        ],
        [
            30,
            [
                "4.270",
                "234.218588",
                "234.349248"
            ]
        ],
        [
            40,
            [
                "4.217",
                "237.134083",
                "237.239012"
            ]
        ],
        [
            50,
            [
                "3.997",
                "250.166784",
                "250.326996"
            ]
        ],
        [
            60,
            [
                "4.298",
                "232.648416",
                "232.741339"
            ]
        ],
        [
            70,
            [
                "4.193",
                "238.473427",
                "238.574877"
            ]
        ],
        [
            80,
            [
                "4.495",
                "222.470789",
                "222.583140"
            ]
        ],
        [
            90,
            [
                "4.158",
                "240.511715",
                "240.655971"
            ]
        ],
        [
            100,
            [
                "4.016",
                "249.009852",
                "249.127132"
            ]
        ]
    ],
    "Vanilla": [
        [
            10,
            [
                "2.935",
                "340.715699",
                "341.629052"
            ]
        ],
        [
            20,
            [
                "2.981",
                "335.494502",
                "335.759786"
            ]
        ],
        [
            30,
            [
                "2.853",
                "350.529767",
                "351.056819"
            ]
        ],
        [
            40,
            [
                "2.912",
                "343.370927",
                "344.027400"
            ]
        ],
        [
            50,
            [
                "3.109",
                "321.671762",
                "321.854133"
            ]
        ],
        [
            60,
            [
                "2.777",
                "360.144095",
                "360.385793"
            ]
        ],
        [
            70,
            [
                "2.975",
                "336.112227",
                "336.414489"
            ]
        ],
        [
            80,
            [
                "2.757",
                "362.661777",
                "362.897334"
            ]
        ],
        [
            90,
            [
                "3.022",
                "330.951662",
                "331.216893"
            ]
        ],
        [
            100,
            [
                "2.870",
                "348.492525",
                "348.716621"
            ]
        ]
    ]
}